[
    {
        "Type": "Gas Giant",
        "Name": "Kepler-16b",
        "Lightyears from Earth": "245",
        "Discovered": "2011",
        "Orbital Period (days)": "228.8",
        "Our Sun Mass Comparison": "0.69",
        "Our Sun Radius Comparison": "0.65",
        "Fun Facts": "Kepler-16b is a world where two suns set over the horizon instead of just one, the first Tatooine-like planet found in our galaxy.",
        "Detection Method": "Transit",
        "Observed By": "Kepler",
        "Link for More Info": "https://eyes.nasa.gov/apps/exo/?destinations=/alien-worlds/strange-new-worlds/#/planet/Kepler-16_b"
    },
    {
        "Type": "Super Earth",
        "Name": "Kepler-22b",
        "Lightyears from Earth": "635",
        "Discovered": "2011",
        "Orbital Period (days)": "289.9",
        "Our Sun Mass Comparison": "0.86",
        "Our Sun Radius Comparison": "0.87",
        "Fun Facts": "A possible ocean world orbiting in the habitable zone—the region around a star where the temperature is right for liquid water, a requirement for life on Earth.",
        "Detection Method": "Transit",
        "Observed By": "Kepler",
        "Link for More Info": "https://eyes.nasa.gov/apps/exo/?destinations=/alien-worlds/strange-new-worlds/#/planet/Kepler-22_b/"
    },
    {
        "Type": "Super Earth",
        "Name": "Kepler-452b",
        "Lightyears from Earth": "1799",
        "Discovered": "2015",
        "Orbital Period (days)": "384.8",
        "Our Sun Mass Comparison": "1.04",
        "Our Sun Radius Comparison": "1.11",
        "Fun Facts": "An \"\"Earth-cousin\"\" that orbits a star like our sun in the habitable zone, where liquid water could exist.",
        "Detection Method": "Transit",
        "Observed By": "Kepler",
        "Link for More Info": "https://eyes.nasa.gov/apps/exo/?destinations=/alien-worlds/strange-new-worlds/#/planet/Kepler-452_b/"
    },
    {
        "Type": "Gas Giant",
        "Name": "KELT-9b",
        "Lightyears from Earth": "667",
        "Discovered": "2017",
        "Orbital Period (days)": "1.5",
        "Our Sun Mass Comparison": "2.52",
        "Our Sun Radius Comparison": "2.36",
        "Fun Facts": "KELT-9b is so hot that the heat tears molecules apart on the dayside.",
        "Detection Method": "Transit",
        "Observed By": "KELT-North",
        "Link for More Info": "https://eyes.nasa.gov/apps/exo/?destinations=/alien-worlds/strange-new-worlds/#/planet/KELT-9_b/"
    },
    {
        "Type": "Super Earth",
        "Name": "55 Cancri e",
        "Lightyears from Earth": "41",
        "Discovered": "2004",
        "Orbital Period (days)": "0.7",
        "Our Sun Mass Comparison": "0.91",
        "Our Sun Radius Comparison": "0.94",
        "Fun Facts": "This super hot world is covered in a global ocean of lava and has sparkling skies.",
        "Detection Method": "Radial Velocity",
        "Observed By": "McDonald Observatory",
        "Link for More Info": "https://eyes.nasa.gov/apps/exo/?destinations=/alien-worlds/strange-new-worlds/#/planet/55_Cnc_e/"
    },
    {
        "Type": "Gas Giant",
        "Name": "TYC 8998-760-1 b",
        "Lightyears from Earth": "309",
        "Discovered": "2020",
        "Orbital Period (days)": "NA",
        "Our Sun Mass Comparison": "1",
        "Our Sun Radius Comparison": "0.95",
        "Fun Facts": "This object, a brown dwarf or perhaps a large planet, joins an exclusive club: those that have been directly imaged.",
        "Detection Method": "Imaging",
        "Observed By": "Paranal Observatory",
        "Link for More Info": "https://eyes.nasa.gov/apps/exo/?destinations=/alien-worlds/strange-new-worlds/#/planet/TYC_8998-760-1_b/"
    },
    {
        "Type": "Neptune Like",
        "Name": "GJ 15 A c",
        "Lightyears from Earth": "12",
        "Discovered": "2018",
        "Orbital Period (days)": "7597.2",
        "Our Sun Mass Comparison": "0.38",
        "Our Sun Radius Comparison": "0.38",
        "Fun Facts": "Nearby GJ 15 A c orbits a red-dwarf star just 11 light-years away with its companion, making them our nearest multi-planet neighbors discovered so far.",
        "Detection Method": "Radial Velocity",
        "Observed By": "Roque de los Muchachos Observatory",
        "Link for More Info": "https://eyes.nasa.gov/apps/exo/?destinations=/alien-worlds/strange-new-worlds/#/planet/GJ_15_A_c/"
    },
    {
        "Type": "Gas Giant",
        "Name": "GJ 504 b",
        "Lightyears from Earth": "57",
        "Discovered": "2013",
        "Orbital Period (days)": "NA",
        "Our Sun Mass Comparison": "1.22",
        "Our Sun Radius Comparison": "1.26",
        "Fun Facts": "If we could travel to this giant planet, we would see a world still glowing from the heat of its formation with a color reminiscent of a dark cherry blossom, a dull magenta.",
        "Detection Method": "Imaging",
        "Observed By": "Subaru Telescope",
        "Link for More Info": "https://eyes.nasa.gov/apps/exo/?destinations=/alien-worlds/strange-new-worlds/#/planet/GJ_504_b/"
    },
    {
        "Type": "Neptune Like",
        "Name": "GJ 436 b",
        "Lightyears from Earth": "32",
        "Discovered": "2004",
        "Orbital Period (days)": "2.6",
        "Our Sun Mass Comparison": "0.47",
        "Our Sun Radius Comparison": "0.46",
        "Fun Facts": "A close exoplanet with a secret: a lack of methane on this hot world. GJ 436 b is a Neptune-sized exoplanet that orbits an M-type star.",
        "Detection Method": "Radial Velocity",
        "Observed By": "W. M. Keck Observatory",
        "Link for More Info": "https://eyes.nasa.gov/apps/exo/?destinations=/alien-worlds/strange-new-worlds/#/planet/GJ_436_b/"
    },
    {
        "Type": "Terrestrial",
        "Name": "PSR B1257+12 b",
        "Lightyears from Earth": "1957",
        "Discovered": "1994",
        "Orbital Period (days)": "25.3",
        "Our Sun Mass Comparison": "NA",
        "Our Sun Radius Comparison": "NA",
        "Fun Facts": "PSR B1257+12 b, along with fellow doomed worlds, were among the first and creepiest to be discovered as they orbit an undead star known as a pulsar. Pulsar planets like Poltergeist and its neighboring worlds, Phobetor and Draugr, are consumed with constant radiation from the star’s core.",
        "Detection Method": "Pulsar Timing",
        "Observed By": "Arecibo Observatory",
        "Link for More Info": "https://eyes.nasa.gov/apps/exo/?destinations=/alien-worlds/strange-new-worlds/#/planet/PSR_B1257+12_b"
    },
    {
        "Type": "Terrestrial",
        "Name": "Teegarden’s Star d",
        "Lightyears from Earth": "12",
        "Discovered": "2024",
        "Orbital Period (days)": "26.1",
        "Our Sun Mass Comparison": "0.1",
        "Our Sun Radius Comparison": "0.12",
        "Fun Facts": "Teegarden's Star d is a terrestrial exoplanet that orbits an M-type star.",
        "Detection Method": "Radial Velocity",
        "Observed By": "Multiple Observatories",
        "Link for More Info": "https://science.nasa.gov/exoplanet-catalog/teegardens-star-d/"
    },
    {
        "Type": "Gas Giant",
        "Name": "TrES-2 b",
        "Lightyears from Earth": "702",
        "Discovered": "2006",
        "Orbital Period (days)": "2.5",
        "Our Sun Mass Comparison": "1.36",
        "Our Sun Radius Comparison": "1.12",
        "Fun Facts": "Are you afraid of the dark? Welcome to TrEs-2b, the planet of eternal night. The darkest planet ever discovered orbiting a star, this alien world is less reflective than coal. Inside its atmosphere, you’d be flying blind in the dark. Some scientists think an eerie deep red glow would emanate from its burning atmosphere.",
        "Detection Method": "Transit",
        "Observed By": "TrES",
        "Link for More Info": "https://eyes.nasa.gov/apps/exo/?destinations=/alien-worlds/strange-new-worlds/#/planet/TrES-2_b/"
    }
]